{
    "navigationBarTitleText": "Hey!Job商家版",
    "usingComponents": {
      "van-button": "/static/vant/button/index",
      "van-divider": "/static/vant/divider/index",
      "van-field": "/static/vant/field/index",
      "van-cell-group": "/static/vant/cell-group/index",
      "van-card": "/static/vant/card/index",
      "van-image": "/static/vant/image/index",
      "van-rate": "/static/vant/rate/index",
      "van-stepper": "/static/vant/stepper/index",
      "van-icon": "/static/vant/icon/index"
    }
  }
