{
    "navigationBarTitleText": "在招职位",
    "usingComponents": {
      "van-card": "/static/vant/card/index",
      "van-image": "/static/vant/image/index",
      "van-rate": "/static/vant/rate/index",
      "van-button": "/static/vant/button/index",
      "van-tab": "/static/vant/tab/index",
      "van-tabs": "/static/vant/tabs/index",
      "van-icon": "/static/vant/icon/index",
      "van-cell":"/static/vant/cell/index",
      "van-cell-group":"/static/vant/cell-group/index",
      "van-nav-bar":"/static/vant/nav-bar/index"
    }
  }